FirstName,LastName,Email,PasswordHash,PhoneNumber,Address
Deb,Rame,drame0@wufoo.com,$2a$04$66cfTofTRMCnxe5nFFV6g.6hGkl3yC9j7fIaHy.Z1/6TI3U2oAHzi,313-771-3329,9 Hallows Way
Darbie,Iskov,diskov1@google.it,$2a$04$Prn3uFRJ0BKXcpvBXii45.i6st6nQ/0yAH6PQ6eVcWeiQYmrWStS2,475-535-4970,9431 Harper Pass
Galvin,Arnoud,garnoud2@rakuten.co.jp,$2a$04$DOKZ8w2.r.9WRusV2oReF.BtLqZAbO5tVHf0ZdbBwCmsP5aGD3zkK,547-873-8943,1018 Mifflin Lane
Judon,Angel,jangel3@php.net,$2a$04$BQndEXOxN8y49ESZ2t7cj.g8ZW2dv1pzzjwO/BNRbnDEug4Kqhidu,605-465-5757,77964 Sherman Way
Eolande,Buckthorp,ebuckthorp4@hibu.com,$2a$04$g2mufrPkHw5CBEwD3ZQMyOkO6XRlk7Qxu29H8iRmUfnn8L5LPqe8S,212-966-9644,0673 Moose Circle
Jesselyn,Canniffe,jcanniffe5@sakura.ne.jp,$2a$04$8Vs9t/cU/hHTy.F.EE1KK.ANNYAXnRotn7sh2owvXK7CICydu.ehi,658-887-8230,79345 Independence Avenue
Gerrie,Pitcaithly,gpitcaithly6@delicious.com,$2a$04$lkB3xClK4MZ3j0Wu8EWgLuL0QlpZ9V2eyEjhDtC86b8IatA0GWwNW,272-189-2458,59040 Darwin Center
Ezekiel,Greenslade,egreenslade7@comsenz.com,$2a$04$lkKzt3idNMHLmPFqkWSxHe2E5GgKE9/.VM/IxcxDPiUYiDRxASaMm,668-486-7322,15034 Bobwhite Road
Fonz,Linfield,flinfield8@nyu.edu,$2a$04$VSspNhd6XnUTWElqcW2lmuCRqNMRl52kuNFzMcZLduYOYv.XDxXg6,560-209-7884,518 Loeprich Pass
Keelia,Giffaut,kgiffaut9@networkadvertising.org,$2a$04$4EBVufNMNhrBocyyvQHuPe0sVWKf.MQ/ORhJQigS0cvS2ult3397S,954-292-1295,7 Pleasure Alley
Domeniga,Going,dgoinga@time.com,$2a$04$m1GHP7W31vppHMmSsHVckeAo/SmePKrc.zp7r3fgOGzd/kiBAVYKy,333-172-3566,08 Parkside Lane
Charles,Mertsching,cmertschingb@chron.com,$2a$04$oRAPfvVaVghjrDl0Y3vBWepQh4IEKV0l/DK3TzE92a9hAXAAr5qY6,214-247-5462,8687 Loeprich Junction
Dody,Sommerland,dsommerlandc@bbb.org,$2a$04$Vj/Rb6ljAvt0AWWBkzrw9OqkjNDJe3E0mDdt/RqaSH8qztsQDMlta,833-278-6445,223 Saint Paul Crossing
Yorgo,Saltmarsh,ysaltmarshd@timesonline.co.uk,$2a$04$NM4oHMEuwPJyPErNi7Y.d.L5Y0GYkHjrJdF3ZwKQlmU9CnRalY0bW,414-465-9043,333 Golf Alley
Perry,Gutowski,pgutowskie@gravatar.com,$2a$04$QmKiuW6EHffxVYhwyT9.lOUNeA/b5G3OCsyPWz2Vk/41jot8HIYge,349-953-7559,8055 Everett Trail
Dorisa,Cordey,dcordeyf@cbslocal.com,$2a$04$gsl1Qxqx2y2r4nTMEPQQn.jt61Wch7jDMuf0vgiUDn0UC2b/8OWxu,727-355-6265,71 Sycamore Plaza
Dallis,Polin,dpoling@wired.com,$2a$04$ZHe/uyoMo79cC0bXP8L.3eDvwOMYWo1gDpxDpgj/9vFeYWICQNZhq,389-721-9883,5 Forest Dale Avenue
Cheri,Andrin,candrinh@umich.edu,$2a$04$dOY3SmtqR4.tZRxtjy7CPuZWgdY8RRi2BVK/eY0qLalXVjIPar7ym,850-216-0607,451 Dryden Parkway
Wheeler,Rattenbury,wrattenburyi@tmall.com,$2a$04$zGELFy/0RD.rA8Yf6Zv2Tu6JwpS4rnykpoiR0x3G/ZlcqUcFENR2q,148-411-3719,7 Heffernan Lane
Karlen,Titchen,ktitchenj@tumblr.com,$2a$04$Ea93mrzu0wFEi00mDu7cVO46yXepiRu3wYUpWp7MBS52.JLFx0Kz6,483-650-5275,8892 Cordelia Terrace
Sophey,Baversor,sbaversork@weibo.com,$2a$04$aCCcAlOewWCJBIOapEj.IuGWUdzM.Fx/ER9VNw3AdwSiJQFcD47kK,747-444-1405,30396 School Point
Emalia,Pitkethly,epitkethlyl@ca.gov,$2a$04$Io4yTf5m35vhb4pFTbpsJuSVBWTf47d8mMxpXSaok4o78Ff7nKqJC,917-262-8964,354 Huxley Avenue
Oliver,Meeland,omeelandm@dmoz.org,$2a$04$IoRWDH4D67ZdyZPQ/4TO7OVJzZgQFMDSeQbs2VPGOAtbxgRKpqL82,797-493-7384,54 Vermont Drive
Aleen,Heal,ahealn@archive.org,$2a$04$kx5sJQApfMaAEE0dnF..3eEfOJrutBCUQq17MUJGLpcjzOmh4NteO,209-105-0022,1747 Melby Pass
Mikol,Glisane,mglisaneo@hc360.com,$2a$04$JZYiulTLZSOFEhZbs21dG.orHScZCnNUGuHv6IUoSJ66YJZRC6yOC,544-883-4596,337 Algoma Street
Brewster,Bosward,bboswardp@hugedomains.com,$2a$04$7UxbNd1.tyYv..RiCd8uTOo4fB8hi9lJ/a31.fHzLBe0.3ViOORay,665-349-2866,470 Sunbrook Terrace
Elmira,Buttrick,ebuttrickq@biblegateway.com,$2a$04$UGo7hv/a7GqGHJo09kt66.1VPtUXoPN0bH9xscZN1eH40XSwvMwwe,168-499-6703,27 Carey Court
Burton,Bosma,bbosmar@trellian.com,$2a$04$jYt2K6wtGhpqRwVpjoDKgO.OA210X/SCfE8xY4kYL.rCkNYjM41Ja,847-204-9934,945 Magdeline Park
Rudiger,Dyzart,rdyzarts@zimbio.com,$2a$04$JlIIj.mFo29BFkL4i0w7FuZs8Dq6HTyi8.umq6SSEHSXGXJxOMtK2,875-389-5061,0095 Columbus Circle
Rowe,Arendt,rarendtt@istockphoto.com,$2a$04$sK3lme1qog6.uUIsevgQQu0Cdx0xthXHbrfn0WB2J0JfnX3wdm/fi,927-763-2502,7706 Tomscot Park
Dur,Kettlestringes,dkettlestringesu@gizmodo.com,$2a$04$IuU/rOyNIzCp0Ht.n/YM0erDrsv/k7Su8GayvrME/X8iKDm1JGhoS,855-370-7667,451 Crowley Way
Rachelle,Jeanel,rjeanelv@posterous.com,$2a$04$D8Z6niSyiw6jrNzry8sldOP7bow3skxCkwiS5eOqgaGB/9QJfFBre,841-231-0893,6 South Road
Sibylla,Mityakov,smityakovw@sina.com.cn,$2a$04$/FW5r8hv1RNZzB6eL2ROVeoyhXy1Uzy2dIHLtdQ46Cqf20Oaj6L5S,449-615-1821,84 Hoffman Way
Erhart,Drew,edrewx@aboutads.info,$2a$04$x5Gd/7v3d/TYanpA258qsejDd0Y3TBmq.7D2uqmjIb7lVCNWk.m0q,280-272-5789,153 Kenwood Alley
Sara-ann,Loseby,slosebyy@ovh.net,$2a$04$BnZMUbgGSOFp59tuL8yVpOvrHd.BNPaU9sV2S4S/nM9Hk6QxBZtiq,708-774-5370,0607 East Alley
Homerus,Theriot,htheriotz@craigslist.org,$2a$04$bAToxY5JGtCP/uSNUlTuf.Ixm2/pHMPvNd1UEZVMaOEYMT0yYIqG6,816-849-0699,916 Elmside Way
Josselyn,Bracey,jbracey10@youtube.com,$2a$04$xuRwi1FHQRsjhJ3jEML6g.4ftkyL/iLWMW729SbC7tsnvhMXoLEfy,584-112-4403,5 Columbus Road
Bo,Eason,beason11@hexun.com,$2a$04$V.uVMUOxtKGixDkQemq2ZOp4ri16siwZ.Oy5GylDRknnVR.0oqlvO,350-646-8428,59571 Dorton Hill
Dell,Lukes,dlukes12@ucoz.com,$2a$04$5d8oIrxomAiaKBp8KH5wiOjxJU0YTVUovNkGCDo.aj95eC4YXJDmq,321-298-1675,9 Hazelcrest Street
Gasper,Urling,gurling13@moonfruit.com,$2a$04$L6TVIjk1EwSYti8T2RuKBOxq9Lr/ebQRVAE3djgsjl1JWNNSOkK0i,702-162-4276,48 Lighthouse Bay Plaza
Bidget,Godart,bgodart14@fc2.com,$2a$04$Gj54oUdbP9gsZ6N5/NxtCOyCr7DTNkMEy2OjBeFF2Y9OhemRM6dZC,821-643-8700,9305 5th Plaza
Ernaline,Grossman,egrossman15@posterous.com,$2a$04$NDuUYVQbcTa8KsPoH9whMehFS9vyI9K23alxwvUs3bx5FhkS/L86G,200-898-6692,4 Bayside Junction
Karlie,Izachik,kizachik16@booking.com,$2a$04$.SMl9r6npcMtfHGu.E5/KOfb2Ll3.J9MoXZBI.9539DvXffp7ZpuW,503-612-9550,189 Scoville Place
Betsy,Simonaitis,bsimonaitis17@smh.com.au,$2a$04$oCiFeOT4XrotXNIxQkTfreEy0DGFkFoaoDtz3ulepAxRWBC.UBQNG,665-208-2676,0 Miller Center
Yvor,Emmott,yemmott18@g.co,$2a$04$gGokvuLVrp9thqs3oEdv4ujSgAAQix9KxdO6.37gicbv9pAOHGFUm,895-655-6769,8 Little Fleur Circle
Ruthi,Vanichkov,rvanichkov19@stumbleupon.com,$2a$04$N7QUoCrWxG7zpMHtZfsFgOtMa.kKtyqx9kA.R7ozp6m7ChA4K1Ew2,360-799-5532,79269 Dorton Lane
Linnie,Boughton,lboughton1a@mozilla.org,$2a$04$CPZWqBvfNnDP3U9eHlVrmOYXNQ/CMBsl8Y8khq6M9lUsSUMkNTMsC,626-551-2301,0 1st Junction
Merralee,Sawell,msawell1b@zimbio.com,$2a$04$aZovSATITruJ5teXRNQol.MniCv/tcakXveuTRJWAj6qJ3PoReUmC,786-926-8275,4 Rowland Way
Burk,Seddon,bseddon1c@boston.com,$2a$04$mXFC/GvEN0jGo3mDc.NUie9X8n4xblTjrE6oieb7kjkUAG2s37th6,862-949-5134,8 Sullivan Park
Carlo,Izakof,cizakof1d@dedecms.com,$2a$04$Hb/58Kr9vfSPatq8gn6meeTwU.Y63PPQZgZPDvMeI4c6v.Pw31/VG,945-917-3402,437 4th Street
Mureil,Robottham,mrobottham1e@canalblog.com,$2a$04$HdN3gdmPwKVxQBVF4mPFOOETJXP2bQJrNFRa.9Cokxg.WHICCIakC,118-646-2196,318 Marquette Crossing
Malachi,Jamison,mjamison1f@google.it,$2a$04$qa0fMQZRAdcR7UqH5EFD5O22N3r5T8.PLoj79U01ZJK88XVVNE3F6,248-633-1872,402 Sutteridge Way
Fae,Seefeldt,fseefeldt1g@alexa.com,$2a$04$ufOwnTteX7li49u/0h2hieyoAsy2jyIrXNuPTGqudW503S.2RPuK6,268-517-9439,0 Vahlen Pass
Karalynn,Tamburo,ktamburo1h@twitter.com,$2a$04$qq1X/KuN/Kgm2xojTR8M4OxwYCv3EqKD9f0/5G3ryoW9nsV77B3ZW,155-690-6785,55 Canary Crossing
Kip,Fearnsides,kfearnsides1i@ftc.gov,$2a$04$fpDqYIc7.h/XnO.euLWuS.11.R4R9UAwoyNIP4Qa/zZFL7JSWg6lK,477-745-1592,744 Cambridge Place
Millicent,Boneham,mboneham1j@cornell.edu,$2a$04$3lkZIBfjm0XLHY5nUYa1a.Z//NsGstn94pM5SdX3BAl2bbLadaoYq,506-326-3615,9 Gulseth Court
Tedra,Goodyer,tgoodyer1k@yale.edu,$2a$04$1Xsr6wzHfzxFlF/MgByYn.wL4mOJE.ai5RqJDVeCS5DVs0NdOtoES,110-858-8912,736 Bellgrove Avenue
Adelle,Cummings,acummings1l@wsj.com,$2a$04$oZesPCTvPtpPRipRgBUyY.u99XS1R3dFClE228RqSDzlHalPCouSW,582-185-1931,61674 Maryland Point
Bird,Vossgen,bvossgen1m@lycos.com,$2a$04$xI1ZtL5vtBX9LeAr1mrx0euc2o0nMOYIsJaa48pNvLTyhye5dwemq,481-440-9722,442 Charing Cross Drive
Joyann,Domel,jdomel1n@weebly.com,$2a$04$yH5uWwkEFTsJzJvjRzoPUeeeDffXYOa4qzHOlZFKmBE5ZZ3W3Uyc.,407-225-0074,4 Ridgeway Pass
Bethany,Este,beste1o@chron.com,$2a$04$n9wiZUwoSlFSGVzqfu5FXOfjCaGgC8a7Cb7T2SsFkieDDobEjqlG2,393-729-8533,0 Pine View Plaza
Cecelia,Elder,celder1p@gnu.org,$2a$04$bnCwhgZLScs6wOMJ9qVT6.zlIkEiUwRgdrMHVSU3JnHXpaTphbhAi,364-393-4114,0 Glacier Hill Point
Lelah,Bascombe,lbascombe1q@taobao.com,$2a$04$MjBKS8/rAHfMO0zKbjoSqO2R5aQIZ5OIstQZZZlPFaOMQXaaf0k.K,878-954-6102,7 Onsgard Alley
Wendel,Plain,wplain1r@eepurl.com,$2a$04$lp02lQtaaRqoeOLthhgzK..J9BR/1Zdd2jc/qSgpCXpqKR7YegUc6,970-825-9386,29 Fieldstone Way
Louella,Hirth,lhirth1s@va.gov,$2a$04$UolkP4WUEXVDvm8tzz3/A.GDCHMVYNozklOhq0rsOWqSoNpq/KlVy,459-133-2229,03988 Rockefeller Terrace
Seward,Turneaux,sturneaux1t@latimes.com,$2a$04$WxGFjoZRujS4cq1ccRwtwe388UrcD9nDlfuBo9FBYUM9mi6.wWsM.,314-864-6989,168 Northland Way
Zaria,Sichardt,zsichardt1u@kickstarter.com,$2a$04$Ualb0IYbEUwmfR4TZFkWeO2cV4wwfs7sZe5lPIwnkNmsHxgD.I/hu,267-296-4644,7 Granby Road
Vere,Belle,vbelle1v@mediafire.com,$2a$04$n.IRhM/WfL.1QzVLsiAxROLS46phOuekl2Zjam8t9oST1oIcMNgdS,436-114-7033,27304 Mayfield Way
Zed,cornhill,zcornhill1w@kickstarter.com,$2a$04$qTl2BT/xTSMdsuA90dkFIu0glryfMvFpLzjJAvWCebdHjDslp7OfS,977-202-7509,38 Sommers Road
Retha,Demageard,rdemageard1x@free.fr,$2a$04$eKY3wIfiqqls5hW/XGBUXOMUQXTpgbcFotXRXg1Amv1ryEHIc.hlW,140-511-5086,1946 Logan Pass
Basile,Iveans,biveans1y@simplemachines.org,$2a$04$3u0WY6IqJ9zY9634QUmRVuSWNzR/6WCzAzx3Ahc9oU25kmUj5e/yS,259-165-1235,1168 Mandrake Pass
Trude,Sor,tsor1z@ox.ac.uk,$2a$04$in4wr6N0k6x9VWcaGWTaNOKxw10fArAUW6QeNLR3zwDkgAMtR7FAe,615-413-6662,318 Farragut Road
Bailie,Devonport,bdevonport20@vkontakte.ru,$2a$04$OMiFl8Gzr9Z.CS.sLGIN3e./Ei0YK1ooMd.GkuqtWCU9JevFAaiJu,921-325-1812,3 Melby Center
Amitie,Goutcher,agoutcher21@usgs.gov,$2a$04$KrV8/QS51wuFxkgszRMMFu04h.HCrLVfYr536ADi2Ac7wBrg2ALve,134-782-7649,52791 Spenser Court
Alessandro,Vlasenkov,avlasenkov22@xrea.com,$2a$04$Jcj0nS0STaslslR61oOnhOpGH5xUaq1apx.9W45WdGQxD0M3Dwzha,953-537-7977,0590 Grayhawk Court
Dino,Agneau,dagneau23@sphinn.com,$2a$04$CPGQipf8ziGLrmdGXmyfVO9R.R2hL1ZCKqYPnovpYHqrpAwlrQjgO,774-544-5779,42869 Maple Hill
Mycah,Farran,mfarran24@scientificamerican.com,$2a$04$YwSDrDxhVjoaV88sh3e/z.e0b7wEMOIfCdFZPhBQL2Zyqn2RURffa,109-602-0503,86 Dayton Terrace
Carlynne,Di Iorio,cdiiorio25@geocities.com,$2a$04$GRPFlXziPEX4Cf4Q/tMkG.76ND2BJFiuxcA5yER331lrO68e8ziXG,865-687-1057,72468 Basil Lane
Ros,Garfoot,rgarfoot26@deliciousdays.com,$2a$04$Ohg6WIkAc9boFipazPe6w.b1YFYWye2rIxJ65ZWf3fw18dnzDGNlW,652-244-2550,350 Riverside Avenue
Delores,Sibary,dsibary27@mac.com,$2a$04$PHalTdcOuc6Wt9WrdJ1tj.3vyEjBTreGaadsFSAILVkKL9fQBPOLi,767-661-9412,96 Charing Cross Park
Elvin,Housin,ehousin28@bloglines.com,$2a$04$yaCkssUhmxiJqAG2RY6vPeibYZ07M/wx.nSt/crf4c2PWTFoDvMaq,798-341-3385,4779 Maple Wood Place
Kay,Craigg,kcraigg29@infoseek.co.jp,$2a$04$2dae8Za667w9OnaRqZdYbuj0mleAfOX3Bm14OkvAYro5ImQ06sv5.,520-674-6176,6 Briar Crest Road
Randene,Lumpkin,rlumpkin2a@rediff.com,$2a$04$W/.3caBD0voKwvPUZvlCkelAser6.5BzVomIzuaKg0dlMKa8miTym,895-818-4154,92 Pawling Circle
Abbe,Thody,athody2b@wordpress.com,$2a$04$w2GgYxQ.o4OObcnOqw9MjOJAde2K8x5ySIXQBhSJMrvgoe.36jZb6,743-182-5300,2 Victoria Junction
Anabel,Fitzsymon,afitzsymon2c@cbslocal.com,$2a$04$E.HIBMsqt8Sdxn3TXgDtH.Ax1zPmfoQdDBhinkzGru7d4Apbs2qGO,795-853-3586,0 Packers Circle
Courtnay,Itzik,citzik2d@free.fr,$2a$04$T8bWCa5yiyIdr.o6E2W82eTx8sqVeD/uActqnMfklXzpnvmf99OuO,147-437-1867,598 Russell Road
Sidoney,Mongin,smongin2e@ebay.com,$2a$04$YMf.NMY0RdFCvoke9Pg0qevrSEKgp0iMxJ0Yd8qgdDKyU0tUk6fp6,452-393-3110,4758 Stuart Way
Row,Vynarde,rvynarde2f@springer.com,$2a$04$qyA8hV8L5kCQmsxZLWn2jesEHQPSj5eAqVMjD9MEhgCpsW1xKn8tO,258-634-7479,35096 Basil Avenue
Alexis,Crayker,acrayker2g@microsoft.com,$2a$04$.TyLP5uwQ1SlJ3q59El5wOAh10NWZQWxlJ1uKhWnenz8vimgqGK7S,269-102-1376,9 Basil Park
Cyb,Hollow,chollow2h@about.com,$2a$04$N4GLVrKg6HEgdUeX5ws4vu4BT1l6UPCT7bKau//p.7SAV0Jz8XPAi,827-824-6600,1728 Sage Road
Binni,Haddick,bhaddick2i@xinhuanet.com,$2a$04$tYtKuBA.hAp7HjBD.O4PYekP4YlCD1ygHobd3cRu8TewJ77L5Qmwa,885-693-7328,19091 Lakewood Gardens Junction
Ranice,Emlen,remlen2j@marriott.com,$2a$04$3hrCym8FFW4nDTCtfn6I.u7qH21Ac5TkS1q1nqh/4s94rtEK5yDJq,947-800-4586,731 Columbus Street
Tootsie,Greenan,tgreenan2k@chicagotribune.com,$2a$04$VcB70QT7a3DAUOL43YETcuy8KDJ4RqvdSRnIpPvPkVEI50jh.QwiG,567-729-1248,605 Monterey Trail
Zachery,Wanjek,zwanjek2l@g.co,$2a$04$/8/eEMle0l2DaJCTGOHVWOT/ftGFV9THHKf8b6FWqP/dGlGWCDtWm,685-389-2426,23020 Thierer Street
Alverta,Potell,apotell2m@slashdot.org,$2a$04$aWJw5D88KkzVMmaoSCPSyOdJSN.MUNExscYTu51eTNjG77VecEw9e,530-875-8710,434 Graceland Terrace
Beatrice,Lambal,blambal2n@usda.gov,$2a$04$wcUTnOU8zDGtQIS5QFk1ueStSEJsjxr8WTgDAXA3ZaZ5Hz.VDj2qC,586-291-3707,6 Bellgrove Drive
Karita,Brigdale,kbrigdale2o@spiegel.de,$2a$04$W1IPUVrnYEd7m4xE43Zv3eocynL2HiOZPYySnoEIBwCY.26h9c1OO,600-550-3241,319 Thompson Center
Janith,Piesing,jpiesing2p@aboutads.info,$2a$04$j5m5bCdWXY/qDtMW8lhJ3etzPcBDmQm1GRWw7kJaX8RiVVA2oxI7m,998-841-4403,6 Pierstorff Center
Cindy,Olyet,colyet2q@si.edu,$2a$04$9TAPEVl7Ygk/CZS98xygV.MhnuEZSVbbdsqafubYMk6yxxkk1OmVu,402-638-4181,133 Vidon Way
Honoria,Marquess,hmarquess2r@cornell.edu,$2a$04$0XH5FIRBIv/fTELq0FTIleCiS61cBfHDIL5lKGKnQvIP1JC6o8zxa,632-170-8010,5960 Ramsey Park
